Date,Open,High,Low,Close,Volume,Dividends,Stock Splits
2015-01-02,222.87,223.25,213.26,219.31,4764400,0,0
2015-01-05,214.55,216.5,207.16,210.09,5368500,0,0
2015-01-06,210.06,214.2,204.21,211.28,6261900,0,0
2015-01-07,213.35,214.78,209.78,210.95,2968400,0,0
2015-01-08,212.81,213.8,210.01,210.62,3442500,0,0
2015-01-09,208.92,209.98,204.96,206.66,4668300,0,0
2015-01-12,203.05,204.47,199.25,202.21,5950300,0,0
2015-01-13,203.32,207.61,200.91,204.25,4477300,0,0
2015-01-14,185.83,195.2,185.0,192.69,11551900,0,0
2015-01-15,194.49,195.75,190.0,191.87,5216500,0,0
2015-01-16,190.7,194.49,189.65,193.07,3603200,0,0
2015-01-20,193.87,194.12,187.04,191.93,4503200,0,0
2015-01-21,189.55,198.68,189.51,196.57,4153000,0,0
2015-01-22,197.0,203.24,195.2,201.62,4116900,0,0
2015-01-23,200.29,203.5,198.33,201.29,3438600,0,0
2015-01-26,201.83,208.62,201.05,206.55,3234500,0,0
2015-01-27,204.42,208.03,203.3,205.98,2781000,0,0
2015-01-28,206.11,206.37,198.42,199.37,3149600,0,0
2015-01-29,201.07,205.98,196.5,205.2,3548100,0,0
2015-01-30,203.96,207.47,203.0,203.6,3007000,0,0
2015-02-02,203.97,211.95,203.3,210.94,4149200,0,0
2015-02-03,213.22,220.37,211.27,218.36,4826200,0,0
2015-02-04,218.29,221.48,216.8,218.55,3305400,0,0
2015-02-05,219.88,225.48,219.64,220.99,3522900,0,0
2015-02-06,222.0,223.4,216.5,217.36,3243900,0,0
2015-02-09,215.38,217.93,211.99,217.48,3472400,0,0
2015-02-10,217.55,220.5,215.0,216.29,5390500,0,0
2015-02-11,212.21,214.74,207.28,212.8,9769100,0,0
2015-02-12,193.57,203.09,193.28,202.88,15649600,0,0
2015-02-13,202.9,205.99,200.91,203.77,6191000,0,0
2015-02-17,205.7,205.7,201.5,204.35,3979600,0,0
2015-02-18,204.17,206.17,202.6,204.46,2713600,0,0
2015-02-19,205.0,212.44,203.75,211.71,5154100,0,0
2015-02-20,210.78,217.6,209.81,217.11,5982100,0,0
2015-02-23,215.66,218.2,206.33,207.34,8499800,0,0
2015-02-24,207.29,207.29,201.7,204.11,6603600,0,0
2015-02-25,204.94,207.14,202.58,203.76,3909500,0,0
2015-02-26,204.0,211.09,202.22,207.19,6472900,0,0
2015-02-27,206.9,208.55,202.8,203.34,3882100,0,0
2015-03-02,202.7,203.34,195.83,197.33,7922100,0,0
2015-03-03,196.81,200.24,195.32,199.56,4432300,0,0
2015-03-04,199.25,202.52,197.21,202.44,4222000,0,0
2015-03-05,202.85,206.19,200.15,200.63,4877000,0,0
2015-03-06,199.21,200.75,192.15,193.88,6712400,0,0
2015-03-09,194.39,194.49,188.25,190.88,6736700,0,0
2015-03-10,188.46,193.5,187.6,190.32,5579700,0,0
2015-03-11,191.15,196.18,191.01,193.74,4974900,0,0
2015-03-12,193.75,194.45,189.75,191.07,4149300,0,0
2015-03-13,188.95,191.75,187.32,188.68,5434300,0,0
2015-03-16,192.0,195.91,189.8,195.7,5628800,0,0
2015-03-17,195.43,198.71,193.94,194.73,4894100,0,0
2015-03-18,194.96,200.88,193.11,200.71,4820900,0,0
2015-03-19,202.0,204.59,194.53,195.65,8475200,0,0
2015-03-20,197.45,198.99,195.62,198.08,4269500,0,0
2015-03-23,198.5,200.5,197.47,199.63,2631600,0,0
2015-03-24,201.58,203.79,199.75,201.72,3649900,0,0
2015-03-25,198.27,198.59,192.7,194.3,5730400,0,0
2015-03-26,193.92,194.79,189.7,190.41,4128000,0,0
2015-03-27,189.07,189.29,181.4,185.0,8604900,0,0
2015-03-30,185.85,192.25,181.8,190.57,10089500,0,0
2015-03-31,193.53,193.76,188.41,188.77,5026600,0,0
2015-04-01,188.7,192.3,186.05,187.59,3794600,0,0
2015-04-02,190.23,193.23,190.0,191.0,5010400,0,0
2015-04-06,198.0,207.75,197.5,203.1,12455800,0,0
2015-04-07,202.51,205.06,201.14,203.25,4347900,0,0
2015-04-08,208.2,210.9,205.87,207.67,6303100,0,0
2015-04-09,208.43,210.37,206.12,210.09,3800200,0,0
2015-04-10,209.85,211.65,209.0,210.9,4067700,0,0
2015-04-13,210.44,213.0,209.05,209.78,3758200,0,0
2015-04-14,208.57,209.49,205.5,207.46,3026000,0,0
2015-04-15,207.46,209.59,206.6,207.83,1952400,0,0
2015-04-16,207.7,209.17,206.29,206.7,1659100,0,0
2015-04-17,204.99,206.88,203.5,206.79,2469900,0,0
2015-04-20,206.78,207.85,203.85,205.27,2559300,0,0
2015-04-21,205.8,210.75,204.31,209.41,3432500,0,0
2015-04-22,212.5,221.88,211.69,219.44,7863000,0,0
2015-04-23,218.27,221.48,217.15,218.6,4411200,0,0
2015-04-24,220.5,220.8,218.01,218.43,2427800,0,0
2015-04-27,222.56,238.75,222.0,231.55,11672600,0,0
2015-04-28,234.75,235.5,228.03,230.48,6085400,0,0
2015-04-29,230.05,234.97,227.63,232.45,3936100,0,0
2015-04-30,230.39,232.89,225.17,226.05,3911900,0,0
2015-05-01,229.94,231.77,220.41,226.03,5281700,0,0
2015-05-04,228.18,234.73,227.11,230.51,4434600,0,0
2015-05-05,237.76,239.5,229.13,232.95,5796900,0,0
2015-05-06,234.1,234.47,228.2,230.43,5270900,0,0
2015-05-07,221.0,237.48,220.25,236.8,9455900,0,0
2015-05-08,235.99,238.41,233.7,236.61,4668200,0,0
2015-05-11,236.29,242.88,235.31,239.49,5672300,0,0
2015-05-12,240.11,246.35,238.19,244.74,6363400,0,0
2015-05-13,247.61,248.3,242.25,243.18,5440200,0,0
2015-05-14,244.82,244.89,241.25,244.1,2895900,0,0
2015-05-15,243.93,249.4,242.5,248.84,4527600,0,0
2015-05-18,247.0,249.9,246.0,248.75,3353200,0,0
2015-05-19,248.43,251.0,246.15,247.14,3674200,0,0
2015-05-20,247.13,247.74,241.37,244.35,3755600,0,0
2015-05-21,243.03,246.62,242.36,245.62,1970600,0,0
2015-05-22,245.38,248.6,245.01,247.73,2223100,0,0
2015-05-26,247.68,252.0,246.5,247.46,3498700,0,0
2015-05-27,248.51,249.5,245.55,247.43,3408200,0,0
2015-05-28,247.03,251.8,245.05,251.45,3647300,0,0
2015-05-29,251.0,252.87,249.43,250.8,3789300,0,0
2015-06-01,251.41,251.6,247.47,249.45,2505100,0,0
2015-06-02,248.92,249.4,246.3,248.35,2134800,0,0
2015-06-03,248.2,250.72,247.01,248.99,1781500,0,0
2015-06-04,247.5,249.3,245.71,245.92,2453600,0,0
2015-06-05,246.0,249.7,245.68,249.14,3022000,0,0
2015-06-08,250.85,258.75,250.31,256.29,5017000,0,0
2015-06-09,255.4,257.74,254.14,256.0,2611100,0,0
2015-06-10,251.9,254.0,248.5,250.7,3454500,0,0
2015-06-11,253.26,254.37,250.43,251.41,2044100,0,0
2015-06-12,250.21,253.46,250.21,250.69,1422300,0,0
2015-06-15,249.7,251.28,246.01,250.38,2186200,0,0
2015-06-16,250.13,253.44,249.1,253.12,1984700,0,0
2015-06-17,252.17,264.36,252.02,260.41,5512900,0,0
2015-06-18,262.0,263.46,260.02,261.89,2782700,0,0
2015-06-19,262.4,263.8,260.1,262.51,2463000,0,0
2015-06-22,262.15,264.4,255.69,259.79,4561100,0,0
2015-06-23,260.32,268.0,258.57,267.67,3870800,0,0
2015-06-24,266.98,267.35,263.72,265.17,2412300,0,0
2015-06-25,266.45,271.41,265.25,268.79,2849200,0,0
2015-06-26,268.89,269.11,266.0,267.09,3838400,0,0
2015-06-29,261.95,265.95,260.7,262.02,3478900,0,0
2015-06-30,264.8,270.92,264.0,268.26,3086900,0,0
2015-07-01,271.11,272.62,267.85,269.15,2101200,0,0
2015-07-02,280.2,282.45,273.31,280.02,7163900,0,0
2015-07-06,278.88,281.69,276.3,279.72,4121900,0,0
2015-07-07,275.0,275.2,260.77,267.88,6105100,0,0
2015-07-08,259.32,260.8,254.31,254.96,6221100,0,0
2015-07-09,259.08,262.95,256.79,257.92,3334100,0,0
2015-07-10,262.22,263.0,257.82,259.15,2610900,0,0
2015-07-13,262.25,262.55,256.05,262.16,2960300,0,0
2015-07-14,262.1,265.99,260.51,265.65,1907600,0,0
2015-07-15,266.74,267.49,262.08,263.14,2021600,0,0
2015-07-16,264.22,267.2,263.16,266.68,1616000,0,0
2015-07-17,272.5,275.54,268.25,274.66,5004100,0,0
2015-07-20,275.0,286.65,272.54,282.26,4978500,0,0
2015-07-21,270.05,273.5,266.55,266.77,6108700,0,0
2015-07-22,261.27,269.44,260.86,267.87,3105000,0,0
2015-07-23,269.65,269.9,265.27,267.2,2227200,0,0
2015-07-24,267.38,271.09,263.92,265.41,2836500,0,0
2015-07-27,262.43,264.43,250.79,253.01,4694200,0,0
2015-07-28,255.75,265.4,251.84,264.82,3895800,0,0
2015-07-29,264.27,267.89,262.0,263.82,2790100,0,0
2015-07-30,262.69,266.94,262.11,266.79,2034600,0,0
2015-07-31,267.6,269.36,265.12,266.15,2222600,0,0
2015-08-03,266.29,266.71,257.07,259.99,2553500,0,0
2015-08-04,260.01,266.72,258.34,266.28,2352500,0,0
2015-08-05,263.58,271.0,260.4,270.13,6214300,0,0
2015-08-06,249.54,255.0,236.12,246.13,14623800,0,0
2015-08-07,243.58,243.73,238.39,242.51,5073400,0,0
2015-08-10,238.15,242.97,236.05,241.14,4185900,0,0
2015-08-11,237.15,239.3,234.44,237.37,4264900,0,0
2015-08-12,235.0,239.77,232.74,238.17,3728000,0,0
2015-08-13,239.86,246.48,239.12,242.51,4689200,0,0
2015-08-14,247.24,247.93,241.77,243.15,4364800,0,0
2015-08-17,255.56,256.59,250.51,254.99,7176700,0,0
2015-08-18,255.38,260.95,253.56,260.72,4195000,0,0
2015-08-19,260.33,260.65,255.02,255.25,3604300,0,0
2015-08-20,252.06,254.56,241.9,242.18,4905800,0,0
2015-08-21,236.0,243.8,230.51,230.77,6590200,0,0
2015-08-24,202.79,231.4,195.0,218.87,9581600,0,0
2015-08-25,230.52,230.9,219.12,220.03,4327300,0,0
2015-08-26,227.93,228.0,215.51,224.84,4963000,0,0
2015-08-27,231.0,244.75,230.81,242.99,7656000,0,0
2015-08-28,241.86,251.45,241.57,248.48,5513700,0,0
2015-08-31,245.62,254.95,245.51,249.06,4700200,0,0
2015-09-01,240.34,246.0,236.97,238.63,5454800,0,0
2015-09-02,245.3,247.88,239.78,247.69,4629200,0,0
2015-09-03,252.06,252.08,245.0,245.57,4194800,0,0
2015-09-04,240.89,244.09,238.2,241.93,3689200,0,0
2015-09-08,245.05,249.16,244.05,248.17,3138200,0,0
2015-09-09,252.05,254.25,248.3,248.91,3390800,0,0
2015-09-10,247.23,250.72,245.33,248.48,2709000,0,0
2015-09-11,247.64,250.24,244.73,250.24,2350800,0,0
2015-09-14,251.1,254.25,249.67,253.19,2890900,0,0
2015-09-15,252.75,254.6,249.5,253.57,2933500,0,0
2015-09-16,253.04,262.88,252.88,262.25,4417100,0,0
2015-09-17,263.96,265.5,260.69,262.07,3585800,0,0
2015-09-18,257.96,263.82,257.5,260.62,3763100,0,0
2015-09-21,263.98,271.57,255.8,264.2,6120200,0,0
2015-09-22,259.03,262.65,255.87,260.94,3664400,0,0
2015-09-23,261.95,262.08,257.58,261.06,2600800,0,0
2015-09-24,259.53,263.45,256.21,263.12,3448200,0,0
2015-09-25,266.61,266.91,256.15,256.91,3773400,0,0
2015-09-28,257.35,259.79,246.61,248.43,4901100,0,0
2015-09-29,250.46,254.73,245.46,246.65,3703200,0,0
2015-09-30,252.0,252.4,242.34,248.4,4929600,0,0
2015-10-01,247.51,248.5,237.13,239.88,4573000,0,0
2015-10-02,235.6,247.7,234.93,247.57,4424000,0,0
2015-10-05,248.84,249.84,244.13,246.15,3689900,0,0
2015-10-06,240.0,243.03,235.58,241.46,5225200,0,0
2015-10-07,236.63,237.7,229.12,231.96,6814000,0,0
2015-10-08,230.08,230.72,221.31,226.72,6133200,0,0
2015-10-09,220.93,224.37,218.36,220.69,6158400,0,0
2015-10-12,222.99,223.0,215.27,215.58,3836300,0,0
2015-10-13,213.28,222.52,211.13,219.25,5171500,0,0
2015-10-14,220.67,220.95,215.43,216.88,3104400,0,0
2015-10-15,216.43,221.73,213.7,221.31,2844200,0,0
2015-10-16,223.04,230.48,222.87,227.01,4334500,0,0
2015-10-19,226.5,231.15,224.94,228.1,2507900,0,0
2015-10-20,227.72,228.6,202.0,213.03,14900000,0,0
2015-10-21,211.99,214.81,208.8,210.09,4151500,0,0
2015-10-22,211.56,215.75,209.4,211.72,2825200,0,0
2015-10-23,215.0,215.35,207.69,209.09,4235500,0,0
2015-10-26,211.38,215.88,210.0,215.26,3391400,0,0
2015-10-27,214.84,217.1,207.51,210.35,3519400,0,0
2015-10-28,211.31,213.45,208.3,212.96,2728600,0,0
2015-10-29,211.75,213.75,210.64,211.63,1805000,0,0
2015-10-30,210.4,211.63,203.89,206.93,4438900,0,0
2015-11-02,208.92,215.8,207.22,213.79,3927900,0,0
2015-11-03,213.85,214.44,207.75,208.35,8332500,0,0
2015-11-04,227.0,232.74,225.2,231.63,12726400,0,0
2015-11-05,230.58,234.58,229.19,231.77,4496800,0,0
2015-11-06,230.7,233.36,229.5,232.36,2445300,0,0
2015-11-09,232.99,232.99,224.31,225.33,3850900,0,0
2015-11-10,223.48,223.7,216.08,216.5,4617000,0,0
2015-11-11,217.77,219.48,213.63,219.08,3347800,0,0
2015-11-12,217.85,219.0,212.66,212.94,2915900,0,0
2015-11-13,212.95,212.99,206.52,207.19,3430300,0,0
2015-11-16,206.09,214.98,205.8,214.31,2925400,0,0
2015-11-17,215.2,216.0,211.4,214.0,2148700,0,0
2015-11-18,214.5,221.38,212.52,221.07,2811900,0,0
2015-11-19,220.54,226.19,220.3,221.8,2504400,0,0
2015-11-20,223.49,225.0,213.58,220.01,4400700,0,0
2015-11-23,217.35,219.18,214.68,217.75,2526200,0,0
2015-11-24,215.37,221.0,215.0,218.25,2480300,0,0
2015-11-25,221.34,230.83,220.38,229.64,3990800,0,0
2015-11-27,231.06,232.25,227.01,231.61,1949400,0,0
2015-11-30,231.79,234.28,229.08,230.26,2659800,0,0
2015-12-01,231.06,238.0,231.05,237.19,3734000,0,0
2015-12-02,237.0,238.6,231.23,231.99,2981500,0,0
2015-12-03,235.48,237.45,230.0,232.71,2939600,0,0
2015-12-04,232.46,233.27,227.66,230.38,2573600,0,0
2015-12-07,227.7,235.63,226.15,231.13,3144200,0,0
2015-12-08,227.52,228.8,224.2,226.72,2687600,0,0
2015-12-09,226.7,227.5,220.72,224.52,3057800,0,0
2015-12-10,224.71,228.49,223.64,227.07,2071700,0,0
2015-12-11,225.24,225.75,216.64,217.02,3268700,0,0
2015-12-14,217.51,220.92,214.87,218.58,2827100,0,0
2015-12-15,221.82,222.22,218.0,221.09,2244400,0,0
2015-12-16,222.1,234.88,220.73,234.51,5104300,0,0
2015-12-17,233.94,237.76,229.81,233.39,3298600,0,0
2015-12-18,232.89,235.9,229.29,230.46,3014200,0,0
2015-12-21,231.69,235.83,231.08,232.56,1953200,0,0
2015-12-22,234.99,236.55,229.63,229.95,1961500,0,0
2015-12-23,232.18,233.45,228.13,229.7,1555000,0,0
2015-12-24,230.56,231.88,228.28,230.57,708000,0,0
2015-12-28,231.49,231.98,225.54,228.95,1901300,0,0
2015-12-29,230.06,237.72,229.55,237.19,2406300,0,0
2015-12-30,236.6,243.63,235.67,238.09,3697900,0,0
2015-12-31,238.51,243.45,238.37,240.01,2715000,0,0
2016-01-04,230.72,231.38,219.0,223.41,6827100,0,0
2016-01-05,226.36,226.89,220.0,223.43,3186800,0,0
2016-01-06,220.0,220.05,215.98,219.04,3779100,0,0
2016-01-07,214.19,218.44,213.67,215.65,3554300,0,0
2016-01-08,217.86,220.44,210.77,211.0,3628100,0,0
2016-01-11,214.01,214.45,203.0,207.85,4091400,0,0
2016-01-12,211.6,213.74,205.31,209.97,3091900,0,0
2016-01-13,212.01,212.65,200.0,200.31,4126400,0,0
2016-01-14,202.21,210.0,193.38,206.18,6490700,0,0
2016-01-15,198.97,205.07,197.25,204.99,5578600,0,0
2016-01-19,208.71,210.47,200.78,204.72,4038700,0,0
2016-01-20,199.4,201.28,191.25,198.7,5838600,0,0
2016-01-21,201.55,203.23,195.02,199.97,3166200,0,0
2016-01-22,204.8,205.5,199.03,202.55,3124100,0,0
2016-01-25,200.06,203.57,195.88,196.38,2698700,0,0
2016-01-26,196.7,197.82,188.88,193.56,4964200,0,0
2016-01-27,192.38,193.26,185.77,188.07,3617200,0,0
2016-01-28,190.79,191.28,182.41,189.7,4592800,0,0
2016-01-29,189.95,193.74,188.08,191.2,2852300,0,0
2016-02-01,188.76,199.52,182.75,196.94,5297600,0,0
2016-02-02,192.42,193.12,180.23,182.78,5773600,0,0
2016-02-03,183.59,183.94,170.18,173.48,7931400,0,0
2016-02-04,170.7,175.98,166.99,175.33,4385400,0,0
2016-02-05,171.3,173.0,157.74,162.6,9437600,0,0
2016-02-08,157.1,157.15,146.0,147.99,9313000,0,0
2016-02-09,142.32,159.79,141.05,148.25,8651600,0,0
2016-02-10,150.5,154.97,141.74,143.67,10406500,0,0
2016-02-11,152.0,163.26,147.0,150.47,14252400,0,0
2016-02-12,155.0,157.01,143.7,151.04,7235800,0,0
2016-02-16,158.7,162.95,154.11,155.17,5593800,0,0
2016-02-17,159.0,169.34,156.68,168.68,5825200,0,0
2016-02-18,172.42,172.95,164.77,166.77,3887600,0,0
2016-02-19,163.66,167.49,162.5,166.58,2959400,0,0
2016-02-22,170.12,178.91,169.85,177.74,5060100,0,0
2016-02-23,176.16,181.73,173.68,177.21,5984400,0,0
2016-02-24,172.75,179.5,167.84,179.0,5395600,0,0
2016-02-25,178.65,188.52,175.2,187.43,5750700,0,0
2016-02-26,188.7,192.0,185.0,190.34,6065100,0,0
2016-02-29,192.4,196.35,189.22,191.93,4499000,0,0
2016-03-01,194.25,195.95,182.7,186.35,6712200,0,0
2016-03-02,183.73,188.52,181.5,188.34,4862400,0,0
2016-03-03,188.28,197.42,184.22,195.74,4829000,0,0
2016-03-04,198.0,204.03,197.5,201.04,6489100,0,0
2016-03-07,197.68,209.7,197.4,205.29,5329400,0,0
2016-03-08,203.5,207.5,202.2,202.6,4178700,0,0
2016-03-09,204.52,209.37,202.79,208.72,3208600,0,0
2016-03-10,210.0,213.29,200.67,205.18,5192500,0,0
2016-03-11,207.93,209.42,205.33,207.5,3343100,0,0
2016-03-14,212.65,216.72,210.64,215.15,4065700,0,0
2016-03-15,214.27,218.97,211.5,218.34,3180500,0,0
2016-03-16,218.0,222.58,217.02,221.93,3516700,0,0
2016-03-17,221.47,228.5,220.0,226.38,3782900,0,0
2016-03-18,229.1,234.48,228.06,232.74,4711800,0,0
2016-03-21,235.34,239.88,235.0,238.32,5307800,0,0
2016-03-22,237.21,238.99,232.56,234.24,4316000,0,0
2016-03-23,232.37,234.73,222.03,222.58,4948800,0,0
2016-03-24,215.78,228.89,215.0,227.75,4960900,0,0
2016-03-28,231.61,234.81,225.0,230.26,3925700,0,0
2016-03-29,229.89,232.38,225.33,230.13,4014300,0,0
2016-03-30,235.09,235.5,226.5,226.89,4033000,0,0
2016-03-31,229.34,237.42,225.01,229.77,8012900,0,0
2016-04-01,244.83,247.9,233.25,237.59,15997500,0,0
2016-04-04,249.12,252.12,243.64,246.99,13475300,0,0
2016-04-05,240.5,256.56,240.0,255.47,9948700,0,0
2016-04-06,253.97,267.74,253.45,265.42,11705500,0,0
2016-04-07,266.45,269.34,254.51,257.2,8856200,0,0
2016-04-08,260.5,260.82,248.02,250.07,7363900,0,0
2016-04-11,251.0,258.99,245.3,249.92,9161700,0,0
2016-04-12,249.5,251.8,243.63,247.82,5763200,0,0
2016-04-13,248.51,255.5,247.33,254.53,4925600,0,0
2016-04-14,253.0,256.84,251.05,251.86,4132200,0,0
2016-04-15,251.31,254.6,249.12,254.51,3752400,0,0
2016-04-18,252.23,258.31,251.66,253.88,4271400,0,0
2016-04-19,253.12,254.37,241.25,247.37,6357500,0,0
2016-04-20,246.26,253.66,241.5,249.97,5194100,0,0
2016-04-21,248.99,250.9,246.91,248.29,2783100,0,0
2016-04-22,248.89,254.0,245.71,253.75,3786300,0,0
2016-04-25,253.01,257.38,250.76,251.82,3670300,0,0
2016-04-26,252.05,255.73,249.39,253.74,3223800,0,0
2016-04-27,252.75,255.0,249.4,251.47,3205800,0,0
2016-04-28,249.85,253.43,247.44,247.71,2519000,0,0
2016-04-29,248.14,248.43,237.81,240.76,5413800,0,0
2016-05-02,241.5,243.19,234.82,241.8,3843900,0,0
2016-05-03,237.36,238.91,231.62,232.32,4302200,0,0
2016-05-04,230.29,234.46,220.4,222.56,8700500,0,0
2016-05-05,228.46,228.64,209.79,211.53,11254800,0,0
2016-05-06,210.87,216.37,208.11,214.93,5685200,0,0
2016-05-09,215.72,216.15,206.8,208.92,4776400,0,0
2016-05-10,207.55,209.47,205.0,208.69,4070600,0,0
2016-05-11,207.59,215.48,206.05,208.96,5161900,0,0
2016-05-12,211.44,211.67,203.66,207.28,3650500,0,0
2016-05-13,207.78,211.2,206.7,207.61,2822800,0,0
2016-05-16,208.15,213.15,207.92,208.29,2949400,0,0
2016-05-17,209.05,209.82,204.02,204.66,2843600,0,0
2016-05-18,209.15,215.31,207.75,211.17,5617500,0,0
2016-05-19,213.62,216.79,207.3,215.21,6866300,0,0
2016-05-20,216.99,220.55,216.35,220.28,9007100,0,0
2016-05-23,219.87,222.6,215.86,216.22,5102500,0,0
2016-05-24,216.6,218.74,215.18,217.91,3013800,0,0
2016-05-25,217.91,221.36,216.51,219.58,3126800,0,0
2016-05-26,220.5,225.26,219.05,225.12,4072400,0,0
2016-05-27,224.99,225.93,220.75,223.04,3650300,0,0
2016-05-31,223.04,224.75,221.5,223.23,2789000,0,0
2016-06-01,221.48,222.4,216.89,219.56,2982700,0,0
2016-06-02,219.59,219.91,217.11,218.96,2032800,0,0
2016-06-03,220.0,221.94,218.01,218.99,2229000,0,0
2016-06-06,218.0,220.9,215.45,220.68,2249500,0,0
2016-06-07,222.24,234.44,221.52,232.34,6213600,0,0
2016-06-08,233.8,240.85,232.61,235.52,5972000,0,0
2016-06-09,234.98,235.33,227.06,229.36,4492100,0,0
2016-06-10,227.39,227.97,218.42,218.79,6026600,0,0
2016-06-13,219.5,225.77,217.66,217.87,4193000,0,0
2016-06-14,218.88,222.2,212.53,214.96,3580200,0,0
2016-06-15,216.95,221.9,215.13,217.7,2908500,0,0
2016-06-16,217.42,218.04,213.5,217.93,2440300,0,0
2016-06-17,217.81,219.99,214.5,215.47,3112600,0,0
2016-06-20,219.5,223.75,218.23,219.7,3555500,0,0
2016-06-21,220.68,222.57,218.81,219.61,4529000,0,0
2016-06-22,199.47,205.95,195.75,196.66,23742400,0,0
2016-06-23,195.69,197.55,192.13,196.4,10130700,0,0
2016-06-24,190.05,195.12,189.73,193.15,7026500,0,0
2016-06-27,190.86,198.81,187.87,198.55,7205400,0,0
2016-06-28,201.89,204.05,199.41,201.79,6212400,0,0
2016-06-29,205.13,211.78,203.0,210.19,5994900,0,0
2016-06-30,212.97,213.5,209.02,212.28,4843100,0,0
2016-07-01,206.14,218.24,206.0,216.5,5400000,0,0
2016-07-05,209.73,214.54,208.0,213.98,5175300,0,0
2016-07-06,210.0,215.23,209.0,214.44,4919900,0,0
2016-07-07,213.1,218.12,213.01,215.94,3612000,0,0
2016-07-08,217.8,219.81,214.5,216.78,4074800,0,0
2016-07-11,219.96,226.78,219.51,224.78,5429800,0,0
2016-07-12,224.1,227.5,223.22,224.65,4571300,0,0
2016-07-13,225.5,225.59,220.29,222.53,3567100,0,0
2016-07-14,223.12,224.94,221.05,221.53,2675800,0,0
2016-07-15,222.52,222.75,219.64,220.4,2234200,0,0
2016-07-18,219.64,227.09,218.3,226.25,3412100,0,0
2016-07-19,225.0,229.1,224.75,225.26,3115100,0,0
2016-07-20,226.47,229.8,225.0,228.36,2568500,0,0
2016-07-21,226.0,227.85,219.1,220.5,4428700,0,0
2016-07-22,221.99,224.5,218.88,222.27,2579700,0,0
2016-07-25,222.27,231.39,221.37,230.01,4490700,0,0
2016-07-26,227.69,230.0,225.3,229.51,3430000,0,0
2016-07-27,229.34,233.36,226.92,228.49,2889000,0,0
2016-07-28,227.95,230.76,226.6,230.61,2419100,0,0
2016-07-29,230.7,235.28,230.24,234.79,3070800,0,0
2016-08-01,235.5,236.63,229.38,230.01,4016300,0,0
2016-08-02,229.37,229.87,221.4,227.2,3934400,0,0
2016-08-03,227.37,229.7,224.21,225.79,3887800,0,0
2016-08-04,225.69,230.86,222.05,230.61,4147000,0,0
2016-08-05,230.0,232.0,227.4,230.03,3205200,0,0
2016-08-08,228.0,229.6,226.09,226.16,2263600,0,0
2016-08-09,226.82,231.54,226.65,229.08,2207800,0,0
2016-08-10,228.24,229.87,224.62,225.65,2338300,0,0
2016-08-11,226.17,227.57,223.41,224.91,1880900,0,0
2016-08-12,225.41,226.65,224.04,225.61,1813500,0,0
2016-08-15,226.02,229.5,224.93,225.59,2034300,0,0
2016-08-16,225.49,227.19,223.41,223.61,2267100,0,0
2016-08-17,224.33,224.83,222.8,223.24,1787100,0,0
2016-08-18,223.82,225.66,222.29,223.51,1714500,0,0
2016-08-19,223.54,225.17,222.53,225.0,1659500,0,0
2016-08-22,224.17,225.11,222.68,222.93,2065500,0,0
2016-08-23,224.32,228.49,222.8,224.84,4784400,0,0
2016-08-24,227.05,227.15,222.22,222.62,2570700,0,0
2016-08-25,223.11,223.8,220.77,220.96,1762500,0,0
2016-08-26,222.14,222.86,218.82,219.99,2239000,0,0
2016-08-29,220.15,220.4,215.0,215.2,3266300,0,0
2016-08-30,216.11,216.11,210.52,211.34,3168900,0,0
2016-08-31,210.43,212.6,208.65,212.01,3276500,0,0
2016-09-01,209.01,211.1,200.5,200.77,7943100,0,0
2016-09-02,202.33,203.2,196.2,197.78,5977400,0,0
2016-09-06,199.02,203.25,199.0,202.83,4390600,0,0
2016-09-07,205.5,206.5,200.71,201.71,3640900,0,0
2016-09-08,199.55,199.89,196.36,197.36,3377900,0,0
2016-09-09,199.09,199.92,193.7,194.47,3757000,0,0
2016-09-12,195.0,201.37,194.1,198.3,3715200,0,0
2016-09-13,197.06,198.49,193.45,196.05,3589400,0,0
2016-09-14,195.75,197.92,194.86,196.41,2254500,0,0
2016-09-15,196.49,202.52,196.4,200.42,3077200,0,0
2016-09-16,200.42,205.7,199.0,205.4,3107800,0,0
2016-09-19,207.0,209.43,205.0,206.34,2299500,0,0
2016-09-20,206.85,207.75,203.91,204.64,2410500,0,0
2016-09-21,206.37,207.0,201.56,205.22,2633500,0,0
2016-09-22,206.4,207.28,203.0,206.43,2382900,0,0
2016-09-23,205.99,210.18,205.67,207.45,2905200,0,0
2016-09-26,206.5,211.0,206.5,208.99,2394400,0,0
2016-09-27,209.65,209.98,204.61,205.81,3373200,0,0
2016-09-28,207.51,208.25,205.26,206.27,2088400,0,0
2016-09-29,205.6,207.33,200.58,200.7,2727000,0,0
2016-09-30,202.21,204.98,199.55,204.03,2586300,0,0
2016-10-03,212.3,215.67,208.25,213.7,5999900,0,0
2016-10-04,213.1,213.32,208.82,211.41,3541500,0,0
2016-10-05,212.24,213.15,208.12,208.46,1877500,0,0
2016-10-06,202.46,204.21,200.21,201.0,4703400,0,0
2016-10-07,201.0,201.32,195.8,196.61,3493000,0,0
2016-10-10,201.35,204.14,199.66,200.95,3316300,0,0
2016-10-11,201.85,202.2,198.31,200.1,2328400,0,0
2016-10-12,200.95,203.88,200.42,201.51,1970700,0,0
2016-10-13,200.5,200.9,197.05,200.24,2494600,0,0
2016-10-14,200.66,201.43,196.3,196.51,4269900,0,0
2016-10-17,197.05,198.39,192.0,193.96,4554100,0,0
2016-10-18,195.99,199.47,193.26,199.1,5680500,0,0
2016-10-19,199.74,206.66,198.06,203.56,6991200,0,0
2016-10-20,202.12,203.0,197.05,199.1,5072900,0,0
2016-10-21,198.6,201.57,197.41,200.09,2943400,0,0
2016-10-24,201.0,203.95,200.25,202.76,2751600,0,0
2016-10-25,202.9,204.69,201.2,202.34,2445000,0,0
2016-10-26,201.0,203.19,200.1,202.24,5632800,0,0
2016-10-27,211.34,213.7,201.65,204.01,13093700,0,0
2016-10-28,204.0,205.32,199.83,199.97,4280100,0,0
2016-10-31,202.49,202.49,195.81,197.73,4692300,0,0
2016-11-01,198.04,198.5,188.11,190.79,7060000,0,0
2016-11-02,190.05,192.7,187.51,188.02,4253400,0,0
2016-11-03,189.0,191.47,187.04,187.42,2653000,0,0
2016-11-04,189.0,193.46,185.96,190.56,5146000,0,0
2016-11-07,193.59,194.29,190.05,193.21,3870100,0,0
2016-11-08,193.79,197.49,191.26,194.94,3267600,0,0
2016-11-09,186.88,192.0,183.95,190.06,8173100,0,0
2016-11-10,191.05,191.61,180.42,185.35,6750300,0,0
2016-11-11,184.24,188.88,183.0,188.56,3988500,0,0
2016-11-14,188.0,188.25,178.19,181.45,6552200,0,0
2016-11-15,182.78,186.43,182.05,183.77,3902000,0,0
2016-11-16,182.65,184.73,181.21,183.93,3434400,0,0
2016-11-17,183.49,189.49,182.11,188.66,4887100,0,0
2016-11-18,190.65,193.0,185.0,185.02,5210300,0,0
2016-11-21,185.04,188.89,184.41,184.52,4361000,0,0
2016-11-22,185.84,191.47,183.71,191.17,5603400,0,0
2016-11-23,190.61,195.64,189.0,193.14,4891900,0,0
2016-11-25,193.64,197.24,193.64,196.65,2366100,0,0
2016-11-28,195.48,199.35,194.55,196.12,4529200,0,0
2016-11-29,195.56,196.73,189.5,189.57,4439300,0,0
2016-11-30,191.0,191.89,187.5,189.4,3547100,0,0
2016-12-01,188.25,188.53,181.0,181.88,5126400,0,0
2016-12-02,182.88,184.88,180.0,181.47,4042300,0,0
2016-12-05,182.51,188.89,182.51,186.8,4072200,0,0
2016-12-06,185.52,186.58,182.68,185.85,3391600,0,0
2016-12-07,186.15,193.4,185.0,193.15,5461900,0,0
2016-12-08,192.05,192.5,189.54,192.29,3194100,0,0
2016-12-09,190.87,193.84,190.81,192.18,2722500,0,0
2016-12-12,192.8,194.42,191.18,192.43,2438900,0,0
2016-12-13,193.18,201.28,193.0,198.15,6823900,0,0
2016-12-14,198.74,203.0,196.76,198.69,4150900,0,0
2016-12-15,198.41,200.74,197.39,197.58,3219600,0,0
2016-12-16,198.08,202.59,197.6,202.49,3796900,0,0
2016-12-19,202.49,204.45,199.84,202.73,3488100,0,0
2016-12-20,203.05,209.0,202.5,208.79,4689100,0,0
2016-12-21,208.45,212.23,207.41,207.7,5207600,0,0
2016-12-22,208.22,209.99,206.5,208.45,3111100,0,0
2016-12-23,208.0,213.45,207.71,213.34,4670500,0,0
2016-12-27,214.88,222.25,214.42,219.53,5915700,0,0
2016-12-28,221.53,223.8,217.2,219.74,3782500,0,0
2016-12-29,218.56,219.2,214.12,214.68,4045000,0,0
2016-12-30,216.3,217.5,211.68,213.69,4642600,0,0
2017-01-03,214.86,220.33,210.96,216.99,5923300,0,0
2017-01-04,214.75,228.0,214.31,226.99,11213500,0,0
2017-01-05,226.42,227.48,221.95,226.75,5911700,0,0
2017-01-06,226.93,230.31,225.45,229.01,5527900,0,0
2017-01-09,228.97,231.92,228.0,231.28,3979500,0,0
2017-01-10,232.0,232.0,226.89,229.87,3660000,0,0
2017-01-11,229.07,229.98,226.68,229.73,3650800,0,0
2017-01-12,229.06,230.7,225.58,229.59,3790200,0,0
2017-01-13,230.0,237.85,229.59,237.75,6093000,0,0
2017-01-17,236.7,239.96,234.37,235.58,4617500,0,0
2017-01-18,236.65,239.71,235.58,238.36,3769000,0,0
2017-01-19,247.25,248.68,240.75,243.76,7732300,0,0
2017-01-20,245.46,246.0,243.01,244.73,4204300,0,0
2017-01-23,245.85,250.89,245.5,248.92,6262900,0,0
2017-01-24,250.0,254.8,249.65,254.61,4965500,0,0
2017-01-25,257.31,258.46,251.8,254.47,5142600,0,0
2017-01-26,254.29,255.74,250.75,252.51,3152100,0,0
2017-01-27,251.38,253.0,248.52,252.95,3166300,0,0
2017-01-30,252.53,255.29,247.1,250.63,3801100,0,0
2017-01-31,249.24,255.89,247.7,251.93,4116100,0,0
2017-02-01,253.05,253.2,249.05,249.24,3958800,0,0
2017-02-02,248.34,252.42,247.71,251.55,2499800,0,0
2017-02-03,251.91,252.18,249.68,251.33,2186700,0,0
2017-02-06,251.0,257.82,250.63,257.77,3562500,0,0
2017-02-07,258.19,260.0,256.42,257.48,4244800,0,0
2017-02-08,257.35,263.36,256.2,262.08,3933000,0,0
2017-02-09,266.25,271.18,266.15,269.2,7820200,0,0
2017-02-10,269.79,270.95,266.11,269.23,3619700,0,0
2017-02-13,270.74,280.79,270.51,280.6,7029600,0,0
2017-02-14,279.03,287.39,278.61,280.98,7345200,0,0
2017-02-15,280.0,282.24,276.44,279.76,4947900,0,0
2017-02-16,277.6,280.0,268.5,268.95,7077300,0,0
2017-02-17,265.8,272.89,264.15,272.23,6257100,0,0
2017-02-21,275.45,281.4,274.01,277.39,5676700,0,0
2017-02-22,280.31,283.45,272.6,273.51,8755000,0,0
2017-02-23,264.0,264.66,255.56,255.99,14915200,0,0
2017-02-24,252.66,258.25,250.2,257.0,8171600,0,0
2017-02-27,248.17,248.36,242.01,246.23,11460800,0,0
2017-02-28,244.19,251.0,243.9,249.99,6078100,0,0
2017-03-01,254.18,254.85,249.11,250.02,4809500,0,0
2017-03-02,249.71,253.28,248.27,250.48,3351800,0,0
2017-03-03,250.74,251.9,249.0,251.57,2919400,0,0
2017-03-06,247.91,251.7,247.51,251.21,3355500,0,0
2017-03-07,251.92,253.89,248.32,248.59,3459500,0,0
2017-03-08,247.0,250.07,245.32,246.87,3725200,0,0
2017-03-09,247.63,248.66,243.0,244.9,3879300,0,0
2017-03-10,246.21,246.5,243.0,243.69,3066300,0,0
2017-03-13,244.82,246.85,242.78,246.17,3022600,0,0
2017-03-14,246.11,258.12,246.02,258.0,7598400,0,0
2017-03-15,257.0,261.0,254.27,255.73,5330800,0,0
2017-03-16,262.4,265.75,259.06,262.05,7132200,0,0
2017-03-17,264.0,265.33,261.2,261.5,6497500,0,0
2017-03-20,260.6,264.55,258.82,261.92,3614300,0,0
2017-03-21,262.83,264.8,250.24,250.68,6908600,0,0
2017-03-22,251.56,255.07,250.51,255.01,4059300,0,0
2017-03-23,255.39,257.67,253.3,254.78,3320200,0,0
2017-03-24,255.7,263.89,255.01,263.16,5647300,0,0
2017-03-27,260.6,270.57,259.75,270.22,6230800,0,0
2017-03-28,277.02,280.68,275.0,277.45,7987600,0,0
2017-03-29,278.34,279.6,275.54,277.38,3676200,0,0
2017-03-30,278.04,282.0,277.21,277.92,4148400,0,0
2017-03-31,278.73,279.68,276.32,278.3,3294600,0,0
2017-04-03,286.9,299.0,284.58,298.52,13888600,0,0
2017-04-04,296.89,304.81,294.53,303.7,10134600,0,0
2017-04-05,302.04,304.88,294.2,295.0,7880900,0,0
2017-04-06,296.88,301.94,294.1,298.7,5520600,0,0
2017-04-07,297.5,302.69,297.15,302.54,4579600,0,0
2017-04-10,309.15,313.73,308.71,312.39,7664500,0,0
2017-04-11,313.38,313.47,305.5,308.71,5724600,0,0
2017-04-12,306.34,308.45,296.32,296.84,6050700,0,0
2017-04-13,296.7,307.39,295.3,304.0,9284600,0,0
2017-04-17,302.7,304.0,298.68,301.44,4138700,0,0
2017-04-18,299.7,300.84,297.9,300.25,3035700,0,0
2017-04-19,302.46,306.62,302.11,305.52,3898000,0,0
2017-04-20,306.51,309.15,300.23,302.51,6149400,0,0
2017-04-21,302.0,306.4,300.42,305.6,4509800,0,0
2017-04-24,309.22,310.55,306.02,308.03,5083500,0,0
2017-04-25,308.0,313.98,305.86,313.79,6737700,0,0
2017-04-26,312.37,314.5,309.0,310.17,4695000,0,0
2017-04-27,311.69,313.09,307.5,308.63,3468600,0,0
2017-04-28,309.83,314.8,308.0,314.07,4505500,0,0
2017-05-01,314.88,327.25,314.81,322.83,8829600,0,0
2017-05-02,324.0,327.66,316.56,318.89,5382800,0,0
2017-05-03,317.67,321.53,310.45,311.02,7133400,0,0
2017-05-04,307.44,307.77,290.76,295.46,14152000,0,0
2017-05-05,298.0,308.55,296.8,308.35,8177300,0,0
2017-05-08,310.9,313.79,305.82,307.19,7006500,0,0
2017-05-09,309.38,321.99,309.1,321.26,9676500,0,0
2017-05-10,321.56,325.5,318.12,325.22,5741600,0,0
2017-05-11,323.4,326.0,319.6,323.1,4753800,0,0
2017-05-12,325.48,327.0,321.53,324.81,4121600,0,0
2017-05-15,318.38,320.2,312.53,315.88,7622000,0,0
2017-05-16,317.59,320.06,315.14,317.01,4152500,0,0
2017-05-17,314.39,314.63,305.5,306.11,6711900,0,0
2017-05-18,307.0,313.94,305.31,313.06,5653800,0,0
2017-05-19,315.5,316.5,310.2,310.83,4687600,0,0
2017-05-22,312.8,314.37,306.8,310.35,4329200,0,0
2017-05-23,310.46,310.73,303.48,303.86,4318400,0,0
2017-05-24,306.51,311.0,305.4,310.22,5033300,0,0
2017-05-25,311.02,316.97,307.81,316.83,5014000,0,0
2017-05-26,317.28,325.49,316.31,325.14,7802200,0,0
2017-05-30,326.0,336.28,325.76,335.1,7782900,0,0
2017-05-31,337.69,342.89,335.16,341.01,9963400,0,0
2017-06-01,344.0,344.88,337.29,340.37,7608000,0,0
2017-06-02,339.77,342.88,335.93,339.85,5590200,0,0
2017-06-05,338.5,348.44,334.21,347.32,6784400,0,0
2017-06-06,344.7,359.49,339.97,352.85,11086800,0,0
2017-06-07,356.34,360.5,355.14,359.65,9398000,0,0
2017-06-08,363.75,371.9,360.22,370.0,9061500,0,0
2017-06-09,374.42,376.87,354.8,357.32,17261400,0,0
2017-06-12,357.99,364.5,350.62,359.01,10517700,0,0
2017-06-13,367.62,376.0,366.61,375.95,11807900,0,0
2017-06-14,381.09,384.25,376.31,380.66,12818400,0,0
2017-06-15,372.5,375.46,366.49,375.34,10426500,0,0
2017-06-16,377.98,378.01,370.1,371.4,6731000,0,0
2017-06-19,375.0,376.7,367.8,369.8,6549300,0,0
2017-06-20,376.67,378.88,369.73,372.24,7438700,0,0
2017-06-21,374.35,376.99,368.02,376.4,4923200,0,0
2017-06-22,377.99,385.0,373.57,382.61,7529800,0,0
2017-06-23,382.45,386.99,379.35,383.45,6445800,0,0
2017-06-26,386.69,386.95,373.1,377.49,6604100,0,0
2017-06-27,376.4,376.4,362.02,362.37,6996400,0,0
2017-06-28,366.68,371.74,362.52,371.24,6302500,0,0
2017-06-29,370.61,371.0,354.1,360.75,8221000,0,0
2017-06-30,363.71,366.77,359.62,361.61,5848500,0,0
2017-07-03,370.24,371.35,351.5,352.62,6305400,0,0
2017-07-05,347.2,347.24,326.33,327.09,17046700,0,0
2017-07-06,317.26,320.79,306.3,308.83,19324500,0,0
2017-07-07,313.5,317.0,307.38,313.22,14176900,0,0
2017-07-10,312.9,317.94,303.13,316.05,13820900,0,0
2017-07-11,316.0,327.28,314.3,327.22,11559400,0,0
2017-07-12,330.4,333.1,324.5,329.52,10346100,0,0
2017-07-13,330.11,331.6,319.97,323.41,8594500,0,0
2017-07-14,323.19,328.42,321.22,327.78,5625200,0,0
2017-07-17,325.54,327.1,313.45,319.57,9876900,0,0
2017-07-18,317.5,329.13,315.66,328.24,6373700,0,0
2017-07-19,328.23,331.65,323.22,325.26,6357000,0,0
2017-07-20,326.9,330.22,324.2,329.92,5166200,0,0
2017-07-21,329.46,331.26,325.8,328.4,4901600,0,0
2017-07-24,330.24,343.4,330.01,342.52,8637100,0,0
2017-07-25,345.0,345.6,334.15,339.6,6989200,0,0
2017-07-26,340.36,345.5,338.12,343.85,4820800,0,0
2017-07-27,346.0,347.5,326.29,334.46,8302400,0,0
2017-07-28,336.89,339.6,332.51,335.07,4880400,0,0
2017-07-31,335.5,341.49,321.04,323.47,8535100,0,0
2017-08-01,323.0,324.45,316.13,319.57,8303100,0,0
2017-08-02,318.94,327.12,311.22,325.89,13091500,0,0
2017-08-03,345.33,350.0,343.15,347.09,13535000,0,0
2017-08-04,347.0,357.27,343.3,356.91,9268900,0,0
2017-08-07,357.35,359.48,352.75,355.17,6324500,0,0
2017-08-08,357.53,368.58,357.4,365.22,7449800,0,0
2017-08-09,361.0,370.0,358.95,363.53,6892100,0,0
2017-08-10,361.6,366.65,354.66,355.4,7092900,0,0
2017-08-11,356.97,361.26,353.62,357.87,4365800,0,0
2017-08-14,364.63,367.66,362.6,363.8,4519200,0,0
2017-08-15,365.2,365.49,359.37,362.33,3085100,0,0
2017-08-16,363.0,366.5,362.52,362.91,3413800,0,0
2017-08-17,361.21,363.3,351.59,351.92,5027700,0,0
2017-08-18,352.91,354.0,345.8,347.46,5408200,0,0
2017-08-21,345.82,345.82,331.85,337.86,6495400,0,0
2017-08-22,341.13,342.24,337.37,341.35,4322000,0,0
2017-08-23,338.99,353.49,338.3,352.77,4954500,0,0
2017-08-24,352.52,356.66,349.74,352.93,4584700,0,0
2017-08-25,354.24,355.69,347.3,348.05,3484000,0,0
2017-08-28,347.28,347.35,339.72,345.66,3764000,0,0
2017-08-29,339.48,349.05,338.75,347.36,4073700,0,0
2017-08-30,349.67,353.47,347.0,353.18,3412900,0,0
2017-08-31,353.55,358.44,352.82,355.9,4072800,0,0
2017-09-01,356.12,357.59,353.69,355.4,3049500,0,0
2017-09-05,353.8,355.49,345.89,349.59,3835100,0,0
2017-09-06,349.5,350.98,341.56,344.53,4091400,0,0
2017-09-07,345.98,352.48,343.45,350.61,4239200,0,0
2017-09-08,348.99,349.78,342.3,343.4,3263500,0,0
2017-09-11,351.35,363.71,350.0,363.69,7667100,0,0
2017-09-12,364.49,368.76,360.4,362.75,5972900,0,0
2017-09-13,363.82,368.07,359.59,366.23,4185200,0,0
2017-09-14,364.33,377.96,362.63,377.64,7202500,0,0
2017-09-15,374.51,380.0,372.7,379.81,5420500,0,0
2017-09-18,380.25,389.61,377.68,385.0,7188000,0,0
2017-09-19,380.0,382.39,373.57,375.1,6451900,0,0
2017-09-20,373.0,378.25,371.07,373.91,4919100,0,0
2017-09-21,374.9,376.83,364.51,366.48,4618200,0,0
2017-09-22,366.49,369.9,350.88,351.09,8159400,0,0
2017-09-25,353.15,357.47,342.88,344.99,7605900,0,0
2017-09-26,350.93,351.24,340.9,345.25,7156300,0,0
2017-09-27,349.9,351.49,340.5,340.97,6060300,0,0
2017-09-28,339.88,342.75,335.4,339.6,5319600,0,0
2017-09-29,341.86,344.68,338.6,341.1,5107100,0,0
2017-10-02,342.52,343.7,335.51,341.53,5286800,0,0
2017-10-03,335.9,348.55,331.28,348.14,10153600,0,0
2017-10-04,351.25,358.62,349.6,355.01,8163500,0,0
2017-10-05,356.0,357.44,351.35,355.33,4171700,0,0
2017-10-06,353.1,360.1,352.25,356.88,4297500,0,0
2017-10-09,349.65,351.75,342.67,342.94,7493700,0,0
2017-10-10,346.8,355.63,345.53,355.59,6978500,0,0
2017-10-11,353.89,357.6,351.15,354.6,4500800,0,0
2017-10-12,352.95,359.78,352.64,355.68,4087000,0,0
2017-10-13,356.98,358.49,353.68,355.57,3540500,0,0
2017-10-16,353.76,354.48,347.16,350.6,5375500,0,0
2017-10-17,350.91,356.22,350.07,355.75,3293300,0,0
2017-10-18,355.97,363.0,354.13,359.65,4939100,0,0
2017-10-19,355.56,357.15,348.2,351.81,5061800,0,0
2017-10-20,352.69,354.55,344.34,345.1,4930400,0,0
2017-10-23,349.88,349.95,336.25,337.02,5747300,0,0
2017-10-24,338.8,342.8,336.16,337.34,4491700,0,0
2017-10-25,336.7,337.5,323.56,325.84,8594100,0,0
2017-10-26,327.78,330.23,323.2,326.17,5023500,0,0
2017-10-27,319.75,324.59,316.66,320.87,6979700,0,0
2017-10-30,319.18,323.78,317.25,320.08,4254400,0,0
2017-10-31,320.23,331.95,320.18,331.53,5672300,0,0
2017-11-01,332.25,332.61,320.26,321.08,8457300,0,0
2017-11-02,300.13,308.69,292.63,299.26,19791400,0,0
2017-11-03,299.5,306.25,295.13,306.09,8894000,0,0
2017-11-06,307.0,307.5,299.01,302.78,6486000,0,0
2017-11-07,301.02,306.5,300.03,306.05,5294300,0,0
2017-11-08,305.5,306.89,301.3,304.39,4725300,0,0
2017-11-09,302.5,304.46,296.3,302.99,5447100,0,0
2017-11-10,302.5,308.36,301.85,302.99,4625400,0,0
2017-11-13,300.13,316.8,299.11,315.4,7584900,0,0
2017-11-14,315.0,316.35,306.9,308.7,5676100,0,0
2017-11-15,306.01,312.49,301.5,311.3,5978700,0,0
2017-11-16,313.99,318.14,311.3,312.5,5822100,0,0
2017-11-17,325.67,326.67,313.15,315.05,13735100,0,0
2017-11-20,313.79,315.5,304.75,308.74,8247700,0,0
2017-11-21,310.86,318.23,308.71,317.81,7261300,0,0
2017-11-22,316.77,317.42,311.84,312.6,4917600,0,0
2017-11-24,313.79,316.41,311.0,315.55,3244100,0,0
2017-11-27,313.25,317.34,309.51,316.81,4555900,0,0
2017-11-28,316.36,320.0,313.92,317.55,4949500,0,0
2017-11-29,317.3,318.0,301.23,307.54,8767400,0,0
2017-11-30,308.56,310.7,304.54,308.85,4351600,0,0
2017-12-01,305.44,310.32,305.05,306.53,4292900,0,0
2017-12-04,306.5,308.27,300.61,305.2,5835100,0,0
2017-12-05,302.0,308.0,301.0,303.7,4646500,0,0
2017-12-06,300.1,313.39,300.0,313.26,7195300,0,0
2017-12-07,312.0,318.63,311.05,311.24,4780600,0,0
2017-12-08,314.6,316.98,311.26,315.13,3468500,0,0
2017-12-11,314.63,329.01,313.75,328.91,7938000,0,0
2017-12-12,330.45,341.44,330.03,341.03,8733200,0,0
2017-12-13,340.93,344.22,336.5,339.03,6221500,0,0
2017-12-14,341.01,347.44,336.9,337.89,5799900,0,0
2017-12-15,342.04,343.9,335.76,343.45,6933200,0,0
2017-12-18,344.9,346.73,337.58,338.87,5476200,0,0
2017-12-19,340.26,341.49,330.3,331.1,6825000,0,0
2017-12-20,332.69,333.1,325.04,328.98,5953800,0,0
2017-12-21,329.59,333.74,327.21,331.66,4385200,0,0
2017-12-22,329.51,330.92,324.82,325.2,4215800,0,0
2017-12-26,323.83,323.94,316.58,317.29,4378400,0,0
2017-12-27,316.0,317.68,310.75,311.64,4712100,0,0
2017-12-28,311.75,315.82,309.54,315.36,4316300,0,0
2017-12-29,316.18,316.41,310.0,311.35,3777200,0,0
